23150;AHUN
23380;AJAIN
23200;ALLEYRAT
23000;ANZEME
23700;ARFEUILLE CHATAIN
23210;ARRENES
23480;ARS
23200;AUBUSSON
23170;AUGE
23210;AUGERES
23210;AULON
23400;AURIAT
23700;AUZANCES
23210;AZAT CHATENET
23160;AZERABLES
23120;BANIZE
23260;BASVILLE
23160;BAZELAT
23260;BEISSAT
23190;BELLEGARDE EN MARCHE
23210;BENEVENT L ABBAYE
23270;BETETE
23140;BLAUDEIX
23200;BLESSAC
23220;BONNAT
23230;BORD ST GEORGES
23400;BOSMOREAU LES MINES
23200;BOSROGER
23220;LE BOURG D HEM
23400;BOURGANEUF
23600;BOUSSAC
23600;BOUSSAC BOURG
23000;LA BRIONNE
23700;BROUSSE
23170;BUDELIERE
23320;BUSSIERE DUNOISE
23700;BUSSIERE NOUVELLE
23600;BUSSIERE ST GEORGES
23800;LA CELLE DUNOISE
23230;LA CELLE SOUS GOUZON
23350;LA CELLETTE
23210;CEYROUX
23480;CHAMBERAUD
23220;CHAMBON STE CROIX
23170;CHAMBON SUR VOUEIZE
23110;CHAMBONCHARD
23240;CHAMBORAND
23190;CHAMPAGNAT
23220;CHAMPSANGLARD
23160;LA CHAPELLE BALOUE
23250;LA CHAPELLE ST MARTIAL
23000;LA CHAPELLE TAILLEFERT
23700;CHARD
23700;CHARRON
23700;CHATELARD
23430;CHATELUS LE MARCHEIX
23270;CHATELUS MALVALEIX
23130;LE CHAUCHET
23200;LA CHAUSSADE
23250;CHAVANAT
23130;CHENERAILLES
23220;CHENIERS
23500;CLAIRAVAUX
23270;CLUGNAT
23800;COLONDANNES
23700;LE COMPAS
23100;LA COURTINE
23140;CRESSAT
23260;CROCQ
23160;CROZANT
23500;CROZE
23140;DOMEYROT
23700;DONTREIX
23480;LE DONZEIL
23800;DUN LE PALESTEL
23110;EVAUX LES BAINS
23340;FAUX LA MONTAGNE
23400;FAUX MAZURAS
23500;FELLETIN
23100;FENIERS
23260;FLAYAT
23320;FLEURAT
23110;FONTANIERES
23360;LA FORET DU TEMPLE
23480;FRANSECHES
23450;FRESSELINES
23320;GARTEMPE
23350;GENOUILLAC
23340;GENTIOUX PIGEROLLES
23500;GIOUX
23380;GLENIC
23230;GOUZON
23240;LE GRAND BOURG
23000;GUERET
23130;ISSOUDUN LETRIEIX
23270;JALESCHES
23250;JANAILLAT
23140;JARNAGES
23220;JOUILLAT
23270;LADAPEYRE
23800;LAFAT
23600;LAVAUFRANCHE
23150;LAVAVEIX LES MINES
23170;LEPAUD
23150;LEPINAS
23600;LEYRAT
23220;LINARD
23700;LIOUX LES MONGES
23240;LIZIERES
23360;LOURDOUEIX ST PIERRE
23190;LUPERSAT
23170;LUSSAT
23260;MAGNAT L ETRANGE
23700;MAINSAT
23800;MAISON FEYNE
23150;MAISONNISSES
23260;MALLERET
23600;MALLERET BOUSSAC
23220;MALVAL
23400;MANSAT LA COURRIERE
23700;LES MARS
23210;MARSAC
23100;LE MAS D ARTIGE
23400;MASBARAUD MERIGNAT
23190;MAUTES
23150;MAZEIRAT
23260;LA MAZIERE AUX BONS HOMMES
23360;MEASNES
23420;MERINCHAL
23320;MONTAIGUT LE BLANC
23400;MONTBOUCHER
23460;LE MONTEIL AU VICOMTE
23220;MORTROUX
23210;MOURIOUX VIEILLEVILLE
23150;MOUTIER D AHUN
23220;MOUTIER MALCARD
23200;MOUTIER ROZEILLE
23800;NAILLAT
23200;NEOUX
23300;NOTH
23500;LA NOUAILLE
23170;NOUHANT
23600;NOUZERINES
23360;NOUZEROLLES
23350;NOUZIERS
23140;PARSAC
23000;PEYRABOUT
23130;PEYRAT LA NONIERE
23130;PIERREFITTE
23140;PIONNAT
23250;PONTARION
23260;PONTCHARRAUD
23250;LA POUGE
23500;POUSSANGES
23130;PUY MALSIGNAT
23110;RETERRE
23140;RIMONDEIX
23270;ROCHES
23700;ROUGNAT
23460;ROYERE DE VASSIVIERE
23800;SAGNAT
23110;SANNAT
23250;SARDENT
23000;LA SAUNIERE
23000;SAVENNES
23700;SERMUR
23190;LA SERRE BUSSIERE VIEILLE
23250;SOUBREBOST
23600;SOUMANS
23150;SOUS PARSAT
23300;LA SOUTERRAINE
23300;ST AGNANT DE VERSILLAT
23260;ST AGNANT PRES CROCQ
23200;ST ALPINIEN
23200;ST AMAND
23400;ST AMAND JARTOUDEIX
23200;ST AVIT DE TARDES
23480;ST AVIT LE PAUVRE
23260;ST BARD
23130;ST CHABRAIS
23000;ST CHRISTOPHE
23130;ST DIZIER LA TOUR
23270;ST DIZIER LES DOMAINES
23400;ST DIZIER LEYRENNE
23190;ST DOMET
23000;ST ELOI
23290;ST ETIENNE DE FURSAC
23000;STE FEYRE
23500;STE FEYRE LA MONTAGNE
23000;ST FIEL
23500;ST FRION
23250;ST GEORGES LA POUGE
23500;ST GEORGES NIGREMONT
23160;ST GERMAIN BEAUPRE
23430;ST GOUSSAUD
23150;ST HILAIRE LA PLAINE
23250;ST HILAIRE LE CHATEAU
23110;ST JULIEN LA GENETE
23130;ST JULIEN LE CHATEL
23400;ST JUNIEN LA BREGERE
23000;ST LAURENT
23300;ST LEGER BRIDEREIX
23000;ST LEGER LE GUERETOIS
23130;ST LOUP
23200;ST MAIXANT
23200;ST MARC A FRONGIER
23460;ST MARC A LOUBAUD
23600;ST MARIEN
23150;ST MARTIAL LE MONT
23100;ST MARTIAL LE VIEUX
23460;ST MARTIN CHATEAU
23430;ST MARTIN STE CATHERINE
23260;ST MAURICE PRES CROCQ
23300;ST MAURICE LA SOUTERRAINE
23200;ST MEDARD LA ROCHETTE
23100;ST MERD LA BREUILLE
23480;ST MICHEL DE VEISSE
23400;ST MOREIL
23100;ST ORADOUX DE CHIROUZE
23260;ST ORADOUX PRES CROCQ
23260;ST PARDOUX D ARNET
23400;ST PARDOUX MORTEROLLES
23200;ST PARDOUX LE NEUF
23150;ST PARDOUX LES CARDS
23430;ST PIERRE CHERIGNAT
23290;ST PIERRE DE FURSAC
23460;ST PIERRE BELLEVUE
23600;ST PIERRE LE BOST
23110;ST PRIEST
23300;ST PRIEST LA FEUILLE
23240;ST PRIEST LA PLAINE
23400;ST PRIEST PALUS
23500;ST QUENTIN LA CHABANNE
23160;ST SEBASTIEN
23600;ST SILVAIN BAS LE ROC
23190;ST SILVAIN BELLEGARDE
23320;ST SILVAIN MONTAIGUT
23140;ST SILVAIN SOUS TOULX
23800;ST SULPICE LE DUNOIS
23000;ST SULPICE LE GUERETOIS
23480;ST SULPICE LES CHAMPS
23320;ST VAURY
23000;ST VICTOR EN MARCHE
23460;ST YRIEIX LA MONTAGNE
23150;ST YRIEIX LES BOIS
23170;TARDES
23350;TERCILLAT
23250;THAURON
23600;TOULX STE CROIX
23230;TROIS FONDS
23120;VALLIERE
23300;VAREILLES
23170;VERNEIGES
23250;VIDAILLAT
23170;VIERSAT
23140;VIGEVILLE
23800;VILLARD
23340;LA VILLEDIEU
23260;LA VILLENEUVE
23260;LA VILLETELLE
