37160;ABILLY
37340;AMBILLOU
37400;AMBOISE
37500;ANCHE
37800;ANTOGNY LE TILLAC
37260;ARTANNES SUR INDRE
37120;ASSAY
37270;ATHEE SUR CHER
37110;AUTRECHE
37110;AUZOUER EN TOURAINE
37420;AVOINE
37220;AVON LES ROCHES
37340;AVRILLE LES PONCEAUX
37190;AZAY LE RIDEAU
37270;AZAY SUR CHER
37310;AZAY SUR INDRE
37510;BALLAN MIRE
37350;BARROU
37600;BEAULIEU LES LOCHES
37360;BEAUMONT LA RONCE
37420;BEAUMONT EN VERON
37460;BEAUMONT VILLAGE
37140;BENAIS
37510;BERTHENAY
37600;BETZ LE CHATEAU
37150;BLERE
37290;BOSSAY SUR CLAISE
37240;BOSSEE
37110;LE BOULAY
37140;BOURGUEIL
37240;BOURNAN
37290;BOUSSAY
37120;BRASLOU
37120;BRAYE SOUS FAYE
37330;BRAYE SUR MAULNE
37330;BRECHES
37130;BREHEMONT
37600;BRIDORE
37220;BRIZAY
37370;BUEIL EN TOURAINE
37500;CANDES ST MARTIN
37530;CANGEY
37350;LA CELLE GUENAND
37160;LA CELLE ST AVANT
37460;CERE LA RONDE
37390;CERELLES
37290;CHAMBON
37310;CHAMBOURG SUR INDRE
37170;CHAMBRAY LES TOURS
37120;CHAMPIGNY SUR VEUDE
37210;CHANCAY
37600;CHANCEAUX PRES LOCHES
37390;CHANCEAUX SUR CHOISILLE
37330;CHANNAY SUR LATHAN
37130;LA CHAPELLE AUX NAUX
37240;LA CHAPELLE BLANCHE ST MARTIN
37140;LA CHAPELLE SUR LOIRE
37390;CHARENTILLY
37530;CHARGE
37290;CHARNIZAY
37330;CHATEAU LA VALLIERE
37110;CHATEAU RENAULT
37350;CHAUMUSSAY
37120;CHAVEIGNES
37310;CHEDIGNY
37190;CHEILLE
37370;CHEMILLE SUR DEME
37460;CHEMILLE SUR INDROIS
37150;CHENONCEAUX
37220;CHEZELLES
37500;CHINON
37150;CHISSEAUX
37140;CHOUZE SUR LOIRE
37310;CIGOGNE
37500;CINAIS
37130;CINQ MARS LA PILE
37240;CIRAN
37150;CIVRAY DE TOURAINE
37160;CIVRAY SUR ESVES
37340;CLERE LES PINS
37340;CONTINVOIR
37320;CORMERY
37330;COUESMES
37310;COURCAY
37330;COURCELLES DE TOURAINE
37120;COURCOUE
37500;COUZIERS
37500;CRAVANT LES COTEAUX
37220;CRISSAY SUR MANSE
37150;LA CROIX EN TOURAINE
37380;CROTELLES
37220;CROUZILLES
37240;CUSSAY
37110;DAME MARIE LES BOIS
37150;DIERRE
37310;DOLUS LE SEC
37800;DRACHE
37190;DRUYE
37150;EPEIGNE LES BOIS
37370;EPEIGNE SUR DEME
37130;LES ESSARDS
37240;ESVES LE MOUTIER
37320;ESVRES
37120;FAYE LA VINEUSE
37110;LA FERRIERE
37350;FERRIERE LARCON
37600;FERRIERE SUR BEAULIEU
37230;FONDETTES
37150;FRANCUEIL
37460;GENILLE
37340;GIZEUX
37350;LE GRAND PRESSIGNY
37350;LA GUERCHE
37160;DESCARTES
37110;LES HERMITES
37340;HOMMES
37420;HUISMES
37220;L ILE BOUCHARD
37140;INGRANDES DE TOURAINE
37120;JAULNAY
37300;JOUE LES TOURS
37130;LANGEAIS
37270;LARCAY
37120;LEMERE
37500;LERNE
37460;LE LIEGE
37130;LIGNIERES DE TOURAINE
37500;LIGRE
37240;LIGUEIL
37530;LIMERAY
37600;LOCHES
37460;LOCHE SUR INDROIS
37320;LOUANS
37370;LOUESTAULT
37240;LE LOUROUX
37330;LUBLE
37400;LUSSAULT SUR LOIRE
37230;LUYNES
37120;LUZE
37150;LUZILLE
37800;MAILLE
37240;MANTHELAN
37500;MARCAY
37160;MARCE SUR ESVES
37330;MARCILLY SUR MAULNE
37800;MARCILLY SUR VIENNE
37120;MARIGNY MARMANDE
37370;MARRAY
37130;MAZIERES DE TOURAINE
37390;LA MEMBROLLE SUR CHOISILLE
37390;METTRAY
37380;MONNAIE
37250;MONTBAZON
37110;MONTHODON
37270;MONTLOUIS SUR LOIRE
37460;MONTRESOR
37530;MONTREUIL EN TOURAINE
37260;MONTS
37110;MORAND
37530;MOSNES
37600;MOUZAY
37530;NAZELLES NEGRON
37190;NEUIL
37380;NEUILLE LE LIERRE
37360;NEUILLE PONT PIERRE
37160;NEUILLY LE BRIGNON
37110;NEUVILLE SUR BRENNE
37370;NEUVY LE ROI
37210;NOIZAY
37390;NOTRE DAME D OE
37460;NOUANS LES FONTAINES
37800;NOUATRE
37380;NOUZILLY
37800;NOYANT DE TOURAINE
37460;ORBIGNY
37220;PANZOULT
37210;PARCAY MESLAY
37220;PARCAY SUR VIENNE
37350;PAULMY
37230;PERNAY
37600;PERRUSSON
37350;LE PETIT PRESSIGNY
37530;POCE SUR CISSE
37260;PONT DE RUAN
37800;PORTS
37800;POUZAY
37290;PREUILLY SUR CLAISE
37800;PUSSIGNY
37120;RAZINES
37310;REIGNAC SUR INDRE
37140;RESTIGNE
37380;REUGNY
37520;LA RICHE
37120;RICHELIEU
37420;RIGNY USSE
37340;RILLE
37220;RILLY SUR VIENNE
37190;RIVARENNES
37500;RIVIERE
37500;LA ROCHE CLERMAULT
37210;ROCHECORBON
37360;ROUZIERS DE TOURAINE
37190;SACHE
37360;ST ANTOINE DU ROCHER
37370;ST AUBIN LE DEPEINT
37550;ST AVERTIN
37310;ST BAULD
37500;ST BENOIT LA FORET
37320;ST BRANCHS
37800;STE CATHERINE DE FIERBOIS
37370;ST CHRISTOPHE SUR LE NAIS
37540;ST CYR SUR LOIRE
37800;ST EPAIN
37230;ST ETIENNE DE CHIGNY
37600;ST FLOVIER
37510;ST GENOUPH
37500;ST GERMAIN SUR VIENNE
37600;ST HIPPOLYTE
37600;ST JEAN ST GERMAIN
37330;ST LAURENT DE LIN
37380;ST LAURENT EN GATINES
37270;ST MARTIN LE BEAU
37800;STE MAURE DE TOURAINE
37130;ST MICHEL SUR LOIRE
37140;ST NICOLAS DE BOURGUEIL
37110;ST NICOLAS DES MOTETS
37530;ST OUEN LES VIGNES
37370;ST PATERNE RACAN
37130;ST PATRICE
37700;ST PIERRE DES CORPS
37310;ST QUENTIN SUR INDROIS
37530;ST REGLE
37390;ST ROCH
37600;ST SENOCH
37110;SAUNAY
37340;SAVIGNE SUR LATHAN
37420;SAVIGNY EN VERON
37510;SAVONNIERES
37220;SAZILLY
37360;SEMBLANCAY
37600;SENNEVIERES
37800;SEPMES
37500;SEUILLY
37360;SONZAY
37250;SORIGNY
37330;SOUVIGNE
37530;SOUVIGNY DE TOURAINE
37310;SUBLAINES
37310;TAUXIGNY
37220;TAVANT
37220;THENEUIL
37260;THILOUZE
37500;THIZAY
37290;TOURNON ST PIERRE
37120;LA TOUR ST GELIN
37000;TOURS
37100;TOURS
37200;TOURS
37220;TROGUES
37320;TRUYES
37190;VALLERES
37600;VARENNES
37250;VEIGNE
37270;VERETZ
37120;VERNEUIL LE CHATEAU
37600;VERNEUIL SUR INDRE
37210;VERNOU SUR BRENNE
37190;VILLAINES LES ROCHERS
37510;VILLANDRY
37700;LA VILLE AUX DAMES
37370;VILLEBOURG
37460;VILLEDOMAIN
37110;VILLEDOMER
37460;VILLELOIN COULANGE
37260;VILLEPERDUE
37330;VILLIERS AU BOUIN
37240;VOU
37210;VOUVRAY
37290;YZEURES SUR CREUSE
37160;BUXEUIL
